pnl,nb_trades,roi,win_rate,drawdown,drawdown_pct,min_market_pnl,take_profit_market_pnl,trail_stop_market_pnl,trade_start_hour,trade_cutoff_hour,min_escape_time,max_trades_per_day,stop_echappee_threshold,start_echappee_threshold,top_n_threshold,trade_value_eur,trade_interval_minutes,max_pnl_timeout_minutes,max_trade_duration_minutes
701.3843213021755,111,6.318777669388969,61.111111111111114,125.0116548538208,17.82355993098431,42.0,118.0,41,09:30,12:30,61.0,3,1.2,1.9,1,100.0,150000,6000.0,120
671.2283651828766,111,6.047102389034924,59.25925925925925,128.61109670996666,19.160557476579,42.0,118.0,41,09:30,12:30,61.0,3,1.2,1.9,1,100.0,150000,6000.0,110
694.4419983997941,111,6.256234219817965,57.407407407407405,125.66289407014847,18.095520484030928,42.0,118.0,41,09:30,12:30,61.0,3,1.2,1.9,1,100.0,150000,6000.0,130
644.7253935039043,111,5.808336878413552,59.25925925925925,127.5009959936142,19.776015847721077,42.0,118.0,41,09:30,12:30,61.0,3,1.2,1.9,1,100.0,150000,6000.0,100
681.7694796398282,111,6.142067384142597,59.25925925925925,125.58718952536583,18.42077025679006,42.0,118.0,41,09:30,12:30,61.0,3,1.2,1.9,1,100.0,150000,6000.0,140
647.4851931333542,111,5.833199938138326,59.25925925925925,122.85829988121986,18.97468871630495,42.0,118.0,41,09:30,12:30,61.0,3,1.2,1.9,1,100.0,150000,6000.0,90
695.1589804664254,111,6.262693517715545,59.25925925925925,125.83419370651245,18.10149868481631,42.0,118.0,41,09:30,12:30,61.0,3,1.2,1.9,1,100.0,150000,6000.0,150
627.2525728046894,111,5.650924079321526,59.25925925925925,120.10579884052277,19.14791649295007,42.0,118.0,41,09:30,12:30,61.0,3,1.2,1.9,1,100.0,150000,6000.0,80
726.8985006287694,111,6.548635140799724,59.25925925925925,123.9322946369648,17.049463512411016,42.0,118.0,41,09:30,12:30,61.0,3,1.2,1.9,1,100.0,150000,6000.0,160
636.8542409539223,111,5.73742559417948,57.407407407407405,118.63989374041557,18.629049806233358,42.0,118.0,41,09:30,12:30,61.0,3,1.2,1.9,1,100.0,150000,6000.0,70
678.203460842371,111,6.109941088670009,61.111111111111114,116.52781689167023,17.18183754871074,42.0,118.0,41,09:30,12:30,61.0,3,1.2,1.9,1,100.0,150000,6000.0,60
626.5562455952168,111,5.644650861218169,59.25925925925925,108.52239668369293,17.32045565687382,42.0,118.0,41,09:30,12:30,61.0,3,1.2,1.9,1,100.0,150000,6000.0,50
652.0741478204727,111,5.874541872256511,61.111111111111114,101.90329372882843,15.627562305519305,42.0,118.0,41,09:30,12:30,61.0,3,1.2,1.9,1,100.0,150000,6000.0,40
615.8268051743507,111,5.547989235804962,64.81481481481481,102.10820996761322,16.58066993993623,42.0,118.0,41,09:30,12:30,61.0,3,1.2,1.9,1,100.0,150000,6000.0,30
701.3843213021755,111,6.318777669388969,61.111111111111114,125.0116548538208,17.82355993098431,42.0,118.0,41,09:30,12:30,61.0,3,1.2,1.9,1,100.0,150000,6000.0,120
671.2283651828766,111,6.047102389034924,59.25925925925925,128.61109670996666,19.160557476579,42.0,118.0,41,09:30,12:30,61.0,3,1.2,1.9,1,100.0,150000,6000.0,110
694.4419983997941,111,6.256234219817965,57.407407407407405,125.66289407014847,18.095520484030928,42.0,118.0,41,09:30,12:30,61.0,3,1.2,1.9,1,100.0,150000,6000.0,130
644.7253935039043,111,5.808336878413552,59.25925925925925,127.5009959936142,19.776015847721077,42.0,118.0,41,09:30,12:30,61.0,3,1.2,1.9,1,100.0,150000,6000.0,100
681.7694796398282,111,6.142067384142597,59.25925925925925,125.58718952536583,18.42077025679006,42.0,118.0,41,09:30,12:30,61.0,3,1.2,1.9,1,100.0,150000,6000.0,140
647.4851931333542,111,5.833199938138326,59.25925925925925,122.85829988121986,18.97468871630495,42.0,118.0,41,09:30,12:30,61.0,3,1.2,1.9,1,100.0,150000,6000.0,90
695.1589804664254,111,6.262693517715545,59.25925925925925,125.83419370651245,18.10149868481631,42.0,118.0,41,09:30,12:30,61.0,3,1.2,1.9,1,100.0,150000,6000.0,150
627.2525728046894,111,5.650924079321526,59.25925925925925,120.10579884052277,19.14791649295007,42.0,118.0,41,09:30,12:30,61.0,3,1.2,1.9,1,100.0,150000,6000.0,80
726.8985006287694,111,6.548635140799724,59.25925925925925,123.9322946369648,17.049463512411016,42.0,118.0,41,09:30,12:30,61.0,3,1.2,1.9,1,100.0,150000,6000.0,160
799.7353016212583,111,7.204822537128453,61.111111111111114,126.03269401192665,15.75930107829774,42.0,118.0,41,09:30,12:30,61.0,3,1.2,1.9,1,100.0,150000,6000.0,210
834.8503076508641,111,7.521173942800577,62.96296296296296,114.72459354996681,13.741935829524166,42.0,118.0,41,09:30,12:30,61.0,3,1.2,1.9,1,100.0,150000,6000.0,270
782.5948218181729,111,7.05040380016372,61.111111111111114,130.13520112633705,16.628681598480153,42.0,118.0,41,09:30,12:30,61.0,3,1.2,1.9,1,100.0,150000,6000.0,200
838.3514895401895,111,7.552716121983689,62.96296296296296,118.32000404596329,14.113412515180027,42.0,118.0,41,09:30,12:30,61.0,3,1.2,1.9,1,100.0,150000,6000.0,340
819.884273596108,111,7.386344807172144,61.111111111111114,111.56540015339851,13.60745702122809,42.0,118.0,41,09:30,12:30,61.0,3,1.2,1.9,1,100.0,150000,6000.0,260
835.7054867707193,111,7.528878259195669,62.96296296296296,118.32000404596329,14.15809826774837,42.0,118.0,41,09:30,12:30,61.0,3,1.2,1.9,1,100.0,150000,6000.0,420
819.6449713483453,111,7.3841889310661735,59.25925925925925,112.37690323591232,13.71043648947767,42.0,118.0,41,09:30,12:30,61.0,3,1.2,1.9,1,100.0,150000,6000.0,250
835.7054867707193,111,7.528878259195669,62.96296296296296,118.32000404596329,14.15809826774837,42.0,118.0,41,09:30,12:30,61.0,3,1.2,1.9,1,100.0,150000,6000.0,430
818.8874784186482,111,7.377364670438272,61.111111111111114,118.62810215353966,14.486496042487074,42.0,118.0,41,09:30,12:30,61.0,3,1.2,1.9,1,100.0,150000,6000.0,240
835.7054867707193,111,7.528878259195669,62.96296296296296,118.32000404596329,14.15809826774837,42.0,118.0,41,09:30,12:30,61.0,3,1.2,1.9,1,100.0,150000,6000.0,440
834.6821787133813,111,7.5196592676881195,61.111111111111114,117.0687010884285,14.025542185276285,42.0,118.0,41,09:30,12:30,61.0,3,1.2,1.9,1,100.0,150000,6000.0,230
835.7054867707193,111,7.528878259195669,62.96296296296296,118.32000404596329,14.15809826774837,42.0,118.0,41,09:30,12:30,61.0,3,1.2,1.9,1,100.0,150000,6000.0,450
807.2633752599359,111,7.272643020359783,61.111111111111114,121.53989744186401,15.055792343202565,42.0,118.0,41,09:30,12:30,61.0,3,1.2,1.9,1,100.0,150000,6000.0,220
835.7054867707193,111,7.528878259195669,62.96296296296296,118.32000404596329,14.15809826774837,42.0,118.0,41,09:30,12:30,61.0,3,1.2,1.9,1,100.0,150000,6000.0,460
835.7054867707193,111,7.528878259195669,62.96296296296296,118.32000404596329,14.15809826774837,42.0,118.0,41,09:30,12:30,61.0,3,1.2,1.9,1,100.0,150000,6000.0,470
835.7054867707193,111,7.528878259195669,62.96296296296296,118.32000404596329,14.15809826774837,42.0,118.0,41,09:30,12:30,61.0,3,1.2,1.9,1,100.0,150000,6000.0,480
791.6393905356526,111,7.131886401222096,61.111111111111114,128.01100197434425,16.170367910536545,42.0,118.0,41,09:30,12:30,61.0,3,1.2,1.9,1,100.0,150000,6000.0,190
835.7054867707193,111,7.528878259195669,62.96296296296296,118.32000404596329,14.15809826774837,42.0,118.0,41,09:30,12:30,61.0,3,1.2,1.9,1,100.0,150000,6000.0,490
771.0921010151505,111,6.946775684821176,61.111111111111114,128.81049817800522,16.70494328867134,42.0,118.0,41,09:30,12:30,61.0,3,1.2,1.9,1,100.0,150000,6000.0,180
835.7054867707193,111,7.528878259195669,62.96296296296296,118.32000404596329,14.15809826774837,42.0,118.0,41,09:30,12:30,61.0,3,1.2,1.9,1,100.0,150000,6000.0,500
727.8275762572885,111,6.557005191507103,59.25925925925925,124.84279370307922,17.152797966938678,42.0,118.0,41,09:30,12:30,61.0,3,1.2,1.9,1,100.0,150000,6000.0,170
835.7054867707193,111,7.528878259195669,62.96296296296296,118.32000404596329,14.15809826774837,42.0,118.0,41,09:30,12:30,61.0,3,1.2,1.9,1,100.0,150000,6000.0,510
835.7054867707193,111,7.528878259195669,62.96296296296296,118.32000404596329,14.15809826774837,42.0,118.0,41,09:30,12:30,61.0,3,1.2,1.9,1,100.0,150000,6000.0,520
835.7054867707193,111,7.528878259195669,62.96296296296296,118.32000404596329,14.15809826774837,42.0,118.0,41,09:30,12:30,61.0,3,1.2,1.9,1,100.0,150000,6000.0,530
835.7054867707193,111,7.528878259195669,62.96296296296296,118.32000404596329,14.15809826774837,42.0,118.0,41,09:30,12:30,61.0,3,1.2,1.9,1,100.0,150000,6000.0,540
835.7054867707193,111,7.528878259195669,62.96296296296296,118.32000404596329,14.15809826774837,42.0,118.0,41,09:30,12:30,61.0,3,1.2,1.9,1,100.0,150000,6000.0,550
835.7054867707193,111,7.528878259195669,62.96296296296296,118.32000404596329,14.15809826774837,42.0,118.0,41,09:30,12:30,61.0,3,1.2,1.9,1,100.0,150000,6000.0,560
835.7054867707193,111,7.528878259195669,62.96296296296296,118.32000404596329,14.15809826774837,42.0,118.0,41,09:30,12:30,61.0,3,1.2,1.9,1,100.0,150000,6000.0,570
835.7054867707193,111,7.528878259195669,62.96296296296296,118.32000404596329,14.15809826774837,42.0,118.0,41,09:30,12:30,61.0,3,1.2,1.9,1,100.0,150000,6000.0,580
835.7054867707193,111,7.528878259195669,62.96296296296296,118.32000404596329,14.15809826774837,42.0,118.0,41,09:30,12:30,61.0,3,1.2,1.9,1,100.0,150000,6000.0,590
835.7054867707193,111,7.528878259195669,62.96296296296296,118.32000404596329,14.15809826774837,42.0,118.0,41,09:30,12:30,61.0,3,1.2,1.9,1,100.0,150000,6000.0,600
838.3514895401895,111,7.552716121983689,62.96296296296296,118.32000404596329,14.113412515180027,42.0,118.0,41,09:30,12:30,61.0,3,1.2,1.9,1,100.0,150000,6000.0,340
842.7673702202737,111,7.592498830813277,62.96296296296296,118.32000404596329,14.039461923524405,42.0,118.0,41,09:30,12:30,61.0,3,1.2,1.9,1,100.0,150000,6000.0,335
849.1685857735574,111,7.650167439401418,62.96296296296296,118.32000404596329,13.933629438043644,42.0,118.0,41,09:30,12:30,61.0,3,1.2,1.9,1,100.0,150000,6000.0,325
847.7117912732065,111,7.637043164623481,62.96296296296296,118.32000404596329,13.957574409606188,42.0,118.0,41,09:30,12:30,61.0,3,1.2,1.9,1,100.0,150000,6000.0,310
841.5780878029764,111,7.581784574801589,62.96296296296296,118.32000404596329,14.05930189494946,42.0,118.0,41,09:30,12:30,61.0,3,1.2,1.9,1,100.0,150000,6000.0,305
835.7054867707193,111,7.528878259195669,62.96296296296296,118.32000404596329,14.15809826774837,42.0,118.0,41,09:30,12:30,61.0,3,1.2,1.9,1,100.0,150000,6000.0,345
846.0210840664804,111,7.62181156816649,62.96296296296296,118.32000404596329,13.985467534360607,42.0,118.0,41,09:30,12:30,61.0,3,1.2,1.9,1,100.0,150000,6000.0,300
835.7054867707193,111,7.528878259195669,62.96296296296296,118.32000404596329,14.15809826774837,42.0,118.0,41,09:30,12:30,61.0,3,1.2,1.9,1,100.0,150000,6000.0,350
846.1343834362924,111,7.622832283209841,62.96296296296296,118.32000404596329,13.983594847599276,42.0,118.0,41,09:30,12:30,61.0,3,1.2,1.9,1,100.0,150000,6000.0,295
835.7054867707193,111,7.528878259195669,62.96296296296296,118.32000404596329,14.15809826774837,42.0,118.0,41,09:30,12:30,61.0,3,1.2,1.9,1,100.0,150000,6000.0,355
850.089687820524,111,7.6584656560407565,62.96296296296296,118.32000404596329,13.91853186095156,42.0,118.0,41,09:30,12:30,61.0,3,1.2,1.9,1,100.0,150000,6000.0,290
819.6449713483453,111,7.3841889310661735,59.25925925925925,112.37690323591232,13.71043648947767,42.0,118.0,41,09:30,12:30,61.0,3,1.2,1.9,1,100.0,150000,6000.0,250
845.2502894364297,111,7.614867472400268,62.96296296296296,118.32000404596329,13.998221062408994,42.0,118.0,41,09:30,12:30,61.0,3,1.2,1.9,1,100.0,150000,6000.0,330
834.9913034811616,111,7.52244417550596,62.96296296296296,116.07519614696503,13.901365878067953,42.0,118.0,41,09:30,12:30,61.0,3,1.2,1.9,1,100.0,150000,6000.0,245
818.8874784186482,111,7.377364670438272,61.111111111111114,118.62810215353966,14.486496042487074,42.0,118.0,41,09:30,12:30,61.0,3,1.2,1.9,1,100.0,150000,6000.0,240
824.0773652866483,111,7.4241204079878225,62.96296296296296,118.97060015797615,14.436824158687243,42.0,118.0,41,09:30,12:30,61.0,3,1.2,1.9,1,100.0,150000,6000.0,235
834.6821787133813,111,7.5196592676881195,61.111111111111114,117.0687010884285,14.025542185276285,42.0,118.0,41,09:30,12:30,61.0,3,1.2,1.9,1,100.0,150000,6000.0,230
824.2410763278604,111,7.425595282232976,61.111111111111114,119.18389755487442,14.459834747117887,42.0,118.0,41,09:30,12:30,61.0,3,1.2,1.9,1,100.0,150000,6000.0,225
807.2633752599359,111,7.272643020359783,61.111111111111114,121.53989744186401,15.055792343202565,42.0,118.0,41,09:30,12:30,61.0,3,1.2,1.9,1,100.0,150000,6000.0,220
835.7054867707193,111,7.528878259195669,62.96296296296296,118.32000404596329,14.15809826774837,42.0,118.0,41,09:30,12:30,61.0,3,1.2,1.9,1,100.0,150000,6000.0,360
806.8260623291135,111,7.2687032642262475,61.111111111111114,121.78690162301064,15.094567132777174,42.0,118.0,41,09:30,12:30,61.0,3,1.2,1.9,1,100.0,150000,6000.0,215
835.7054867707193,111,7.528878259195669,62.96296296296296,118.32000404596329,14.15809826774837,42.0,118.0,41,09:30,12:30,61.0,3,1.2,1.9,1,100.0,150000,6000.0,365
799.7353016212583,111,7.204822537128453,61.111111111111114,126.03269401192665,15.75930107829774,42.0,118.0,41,09:30,12:30,61.0,3,1.2,1.9,1,100.0,150000,6000.0,210
835.7054867707193,111,7.528878259195669,62.96296296296296,118.32000404596329,14.15809826774837,42.0,118.0,41,09:30,12:30,61.0,3,1.2,1.9,1,100.0,150000,6000.0,370
786.9305588677526,111,7.089464494304077,61.111111111111114,128.08279559016228,16.276251334609462,42.0,118.0,41,09:30,12:30,61.0,3,1.2,1.9,1,100.0,150000,6000.0,205
835.7054867707193,111,7.528878259195669,62.96296296296296,118.32000404596329,14.15809826774837,42.0,118.0,41,09:30,12:30,61.0,3,1.2,1.9,1,100.0,150000,6000.0,375
782.5948218181729,111,7.05040380016372,61.111111111111114,130.13520112633705,16.628681598480153,42.0,118.0,41,09:30,12:30,61.0,3,1.2,1.9,1,100.0,150000,6000.0,200
835.7054867707193,111,7.528878259195669,62.96296296296296,118.32000404596329,14.15809826774837,42.0,118.0,41,09:30,12:30,61.0,3,1.2,1.9,1,100.0,150000,6000.0,380
781.4955935254693,111,7.040500842571795,61.111111111111114,129.98699861764908,16.633107044308975,42.0,118.0,41,09:30,12:30,61.0,3,1.2,1.9,1,100.0,150000,6000.0,195
835.7054867707193,111,7.528878259195669,62.96296296296296,118.32000404596329,14.15809826774837,42.0,118.0,41,09:30,12:30,61.0,3,1.2,1.9,1,100.0,150000,6000.0,385
791.6393905356526,111,7.131886401222096,61.111111111111114,128.01100197434425,16.170367910536545,42.0,118.0,41,09:30,12:30,61.0,3,1.2,1.9,1,100.0,150000,6000.0,190
835.7054867707193,111,7.528878259195669,62.96296296296296,118.32000404596329,14.15809826774837,42.0,118.0,41,09:30,12:30,61.0,3,1.2,1.9,1,100.0,150000,6000.0,390
785.0410801246762,111,7.072442163285372,61.111111111111114,130.30939826369286,16.599054694436855,42.0,118.0,41,09:30,12:30,61.0,3,1.2,1.9,1,100.0,150000,6000.0,185
835.7054867707193,111,7.528878259195669,62.96296296296296,118.32000404596329,14.15809826774837,42.0,118.0,41,09:30,12:30,61.0,3,1.2,1.9,1,100.0,150000,6000.0,395
771.0921010151505,111,6.946775684821176,61.111111111111114,128.81049817800522,16.70494328867134,42.0,118.0,41,09:30,12:30,61.0,3,1.2,1.9,1,100.0,150000,6000.0,180
835.7054867707193,111,7.528878259195669,62.96296296296296,118.32000404596329,14.15809826774837,42.0,118.0,41,09:30,12:30,61.0,3,1.2,1.9,1,100.0,150000,6000.0,400
745.6767002418637,111,6.717808110287061,61.111111111111114,126.34049317240715,16.943065692065744,42.0,118.0,41,09:30,12:30,61.0,3,1.2,1.9,1,100.0,150000,6000.0,175
835.7054867707193,111,7.528878259195669,62.96296296296296,118.32000404596329,14.15809826774837,42.0,118.0,41,09:30,12:30,61.0,3,1.2,1.9,1,100.0,150000,6000.0,405
727.8275762572885,111,6.557005191507103,59.25925925925925,124.84279370307922,17.152797966938678,42.0,118.0,41,09:30,12:30,61.0,3,1.2,1.9,1,100.0,150000,6000.0,170
835.7054867707193,111,7.528878259195669,62.96296296296296,118.32000404596329,14.15809826774837,42.0,118.0,41,09:30,12:30,61.0,3,1.2,1.9,1,100.0,150000,6000.0,410
745.0943809524179,111,6.712561990562323,59.25925925925925,124.29939186573029,16.68236870969882,42.0,118.0,41,09:30,12:30,61.0,3,1.2,1.9,1,100.0,150000,6000.0,165
835.7054867707193,111,7.528878259195669,62.96296296296296,118.32000404596329,14.15809826774837,42.0,118.0,41,09:30,12:30,61.0,3,1.2,1.9,1,100.0,150000,6000.0,415
726.8985006287694,111,6.548635140799724,59.25925925925925,123.9322946369648,17.049463512411016,42.0,118.0,41,09:30,12:30,61.0,3,1.2,1.9,1,100.0,150000,6000.0,160
835.7054867707193,111,7.528878259195669,62.96296296296296,118.32000404596329,14.15809826774837,42.0,118.0,41,09:30,12:30,61.0,3,1.2,1.9,1,100.0,150000,6000.0,420
717.3882872238755,111,6.4629575425574375,59.25925925925925,121.4869937300682,16.93462186289581,42.0,118.0,41,09:30,12:30,61.0,3,1.2,1.9,1,100.0,150000,6000.0,155
835.7054867707193,111,7.528878259195669,62.96296296296296,118.32000404596329,14.15809826774837,42.0,118.0,41,09:30,12:30,61.0,3,1.2,1.9,1,100.0,150000,6000.0,425
695.1589804664254,111,6.262693517715545,59.25925925925925,125.83419370651245,18.10149868481631,42.0,118.0,41,09:30,12:30,61.0,3,1.2,1.9,1,100.0,150000,6000.0,150
835.7054867707193,111,7.528878259195669,62.96296296296296,118.32000404596329,14.15809826774837,42.0,118.0,41,09:30,12:30,61.0,3,1.2,1.9,1,100.0,150000,6000.0,430
697.3834086731076,111,6.282733411469438,59.25925925925925,126.13059136271477,18.086262132719792,42.0,118.0,41,09:30,12:30,61.0,3,1.2,1.9,1,100.0,150000,6000.0,145
835.7054867707193,111,7.528878259195669,62.96296296296296,118.32000404596329,14.15809826774837,42.0,118.0,41,09:30,12:30,61.0,3,1.2,1.9,1,100.0,150000,6000.0,435
681.7694796398282,111,6.142067384142597,59.25925925925925,125.58718952536583,18.42077025679006,42.0,118.0,41,09:30,12:30,61.0,3,1.2,1.9,1,100.0,150000,6000.0,140
835.7054867707193,111,7.528878259195669,62.96296296296296,118.32000404596329,14.15809826774837,42.0,118.0,41,09:30,12:30,61.0,3,1.2,1.9,1,100.0,150000,6000.0,440
683.151388861239,111,6.154517016767919,59.25925925925925,128.4770905971527,18.806532884506634,42.0,118.0,41,09:30,12:30,61.0,3,1.2,1.9,1,100.0,150000,6000.0,135
835.7054867707193,111,7.528878259195669,62.96296296296296,118.32000404596329,14.15809826774837,42.0,118.0,41,09:30,12:30,61.0,3,1.2,1.9,1,100.0,150000,6000.0,445
694.4419983997941,111,6.256234219817965,57.407407407407405,125.66289407014847,18.095520484030928,42.0,118.0,41,09:30,12:30,61.0,3,1.2,1.9,1,100.0,150000,6000.0,130
835.7054867707193,111,7.528878259195669,62.96296296296296,118.32000404596329,14.15809826774837,42.0,118.0,41,09:30,12:30,61.0,3,1.2,1.9,1,100.0,150000,6000.0,450
727.3058632016182,111,6.552305073888452,62.96296296296296,127.51159784197807,17.532045909910433,42.0,118.0,41,09:30,12:30,61.0,3,1.2,1.9,1,100.0,150000,6000.0,125
835.7054867707193,111,7.528878259195669,62.96296296296296,118.32000404596329,14.15809826774837,42.0,118.0,41,09:30,12:30,61.0,3,1.2,1.9,1,100.0,150000,6000.0,455
701.3843213021755,111,6.318777669388969,61.111111111111114,125.0116548538208,17.82355993098431,42.0,118.0,41,09:30,12:30,61.0,3,1.2,1.9,1,100.0,150000,6000.0,120
835.7054867707193,111,7.528878259195669,62.96296296296296,118.32000404596329,14.15809826774837,42.0,118.0,41,09:30,12:30,61.0,3,1.2,1.9,1,100.0,150000,6000.0,460
686.5833958089352,111,6.185435998278695,57.407407407407405,126.25739771127701,18.389229696200278,42.0,118.0,41,09:30,12:30,61.0,3,1.2,1.9,1,100.0,150000,6000.0,115
835.7054867707193,111,7.528878259195669,62.96296296296296,118.32000404596329,14.15809826774837,42.0,118.0,41,09:30,12:30,61.0,3,1.2,1.9,1,100.0,150000,6000.0,465
671.2283651828766,111,6.047102389034924,59.25925925925925,128.61109670996666,19.160557476579,42.0,118.0,41,09:30,12:30,61.0,3,1.2,1.9,1,100.0,150000,6000.0,110
835.7054867707193,111,7.528878259195669,62.96296296296296,118.32000404596329,14.15809826774837,42.0,118.0,41,09:30,12:30,61.0,3,1.2,1.9,1,100.0,150000,6000.0,470
655.5531093478203,111,5.905883867998381,59.25925925925925,129.7908956706524,19.79868508285704,42.0,118.0,41,09:30,12:30,61.0,3,1.2,1.9,1,100.0,150000,6000.0,105
835.7054867707193,111,7.528878259195669,62.96296296296296,118.32000404596329,14.15809826774837,42.0,118.0,41,09:30,12:30,61.0,3,1.2,1.9,1,100.0,150000,6000.0,475
644.7253935039043,111,5.808336878413552,59.25925925925925,127.5009959936142,19.776015847721077,42.0,118.0,41,09:30,12:30,61.0,3,1.2,1.9,1,100.0,150000,6000.0,100
835.7054867707193,111,7.528878259195669,62.96296296296296,118.32000404596329,14.15809826774837,42.0,118.0,41,09:30,12:30,61.0,3,1.2,1.9,1,100.0,150000,6000.0,480
650.9987768232822,111,5.864853845254795,61.111111111111114,124.7936977148056,19.169574837570185,42.0,118.0,41,09:30,12:30,61.0,3,1.2,1.9,1,100.0,150000,6000.0,95
835.7054867707193,111,7.528878259195669,62.96296296296296,118.32000404596329,14.15809826774837,42.0,118.0,41,09:30,12:30,61.0,3,1.2,1.9,1,100.0,150000,6000.0,485
647.4851931333542,111,5.833199938138326,59.25925925925925,122.85829988121986,18.97468871630495,42.0,118.0,41,09:30,12:30,61.0,3,1.2,1.9,1,100.0,150000,6000.0,90
835.7054867707193,111,7.528878259195669,62.96296296296296,118.32000404596329,14.15809826774837,42.0,118.0,41,09:30,12:30,61.0,3,1.2,1.9,1,100.0,150000,6000.0,490
633.935773640871,111,5.711133095863703,61.111111111111114,127.69950085878372,20.143917754533657,42.0,118.0,41,09:30,12:30,61.0,3,1.2,1.9,1,100.0,150000,6000.0,85
835.7054867707193,111,7.528878259195669,62.96296296296296,118.32000404596329,14.15809826774837,42.0,118.0,41,09:30,12:30,61.0,3,1.2,1.9,1,100.0,150000,6000.0,495
627.2525728046894,111,5.650924079321526,59.25925925925925,120.10579884052277,19.14791649295007,42.0,118.0,41,09:30,12:30,61.0,3,1.2,1.9,1,100.0,150000,6000.0,80
835.7054867707193,111,7.528878259195669,62.96296296296296,118.32000404596329,14.15809826774837,42.0,118.0,41,09:30,12:30,61.0,3,1.2,1.9,1,100.0,150000,6000.0,500
641.5802813470364,111,5.780002534657985,59.25925925925925,118.87449991703033,18.5283905028138,42.0,118.0,41,09:30,12:30,61.0,3,1.2,1.9,1,100.0,150000,6000.0,75
835.7054867707193,111,7.528878259195669,62.96296296296296,118.32000404596329,14.15809826774837,42.0,118.0,41,09:30,12:30,61.0,3,1.2,1.9,1,100.0,150000,6000.0,505
636.8542409539223,111,5.73742559417948,57.407407407407405,118.63989374041557,18.629049806233358,42.0,118.0,41,09:30,12:30,61.0,3,1.2,1.9,1,100.0,150000,6000.0,70
835.7054867707193,111,7.528878259195669,62.96296296296296,118.32000404596329,14.15809826774837,42.0,118.0,41,09:30,12:30,61.0,3,1.2,1.9,1,100.0,150000,6000.0,510
671.6718871891499,111,6.051098082785134,59.25925925925925,119.5327952504158,17.796307621366044,42.0,118.0,41,09:30,12:30,61.0,3,1.2,1.9,1,100.0,150000,6000.0,65
835.7054867707193,111,7.528878259195669,62.96296296296296,118.32000404596329,14.15809826774837,42.0,118.0,41,09:30,12:30,61.0,3,1.2,1.9,1,100.0,150000,6000.0,515
678.203460842371,111,6.109941088670009,61.111111111111114,116.52781689167023,17.18183754871074,42.0,118.0,41,09:30,12:30,61.0,3,1.2,1.9,1,100.0,150000,6000.0,60
835.7054867707193,111,7.528878259195669,62.96296296296296,118.32000404596329,14.15809826774837,42.0,118.0,41,09:30,12:30,61.0,3,1.2,1.9,1,100.0,150000,6000.0,520
632.9573995769024,111,5.702318915107229,57.407407407407405,107.44908106327057,16.975720820247055,42.0,118.0,41,09:30,12:30,61.0,3,1.2,1.9,1,100.0,150000,6000.0,55
835.7054867707193,111,7.528878259195669,62.96296296296296,118.32000404596329,14.15809826774837,42.0,118.0,41,09:30,12:30,61.0,3,1.2,1.9,1,100.0,150000,6000.0,525
626.5562455952168,111,5.644650861218169,59.25925925925925,108.52239668369293,17.32045565687382,42.0,118.0,41,09:30,12:30,61.0,3,1.2,1.9,1,100.0,150000,6000.0,50
835.7054867707193,111,7.528878259195669,62.96296296296296,118.32000404596329,14.15809826774837,42.0,118.0,41,09:30,12:30,61.0,3,1.2,1.9,1,100.0,150000,6000.0,530
642.7401032149792,111,5.790451380315128,64.81481481481481,103.39049923419952,16.08589517240971,42.0,118.0,41,09:30,12:30,61.0,3,1.2,1.9,1,100.0,150000,6000.0,45
835.7054867707193,111,7.528878259195669,62.96296296296296,118.32000404596329,14.15809826774837,42.0,118.0,41,09:30,12:30,61.0,3,1.2,1.9,1,100.0,150000,6000.0,535
652.0741478204727,111,5.874541872256511,61.111111111111114,101.90329372882843,15.627562305519305,42.0,118.0,41,09:30,12:30,61.0,3,1.2,1.9,1,100.0,150000,6000.0,40
835.7054867707193,111,7.528878259195669,62.96296296296296,118.32000404596329,14.15809826774837,42.0,118.0,41,09:30,12:30,61.0,3,1.2,1.9,1,100.0,150000,6000.0,540
592.8132518231869,111,5.340659926335017,57.407407407407405,106.35859882831573,17.941332873584003,42.0,118.0,41,09:30,12:30,61.0,3,1.2,1.9,1,100.0,150000,6000.0,35
835.7054867707193,111,7.528878259195669,62.96296296296296,118.32000404596329,14.15809826774837,42.0,118.0,41,09:30,12:30,61.0,3,1.2,1.9,1,100.0,150000,6000.0,545
615.8268051743507,111,5.547989235804962,64.81481481481481,102.10820996761322,16.58066993993623,42.0,118.0,41,09:30,12:30,61.0,3,1.2,1.9,1,100.0,150000,6000.0,30
835.7054867707193,111,7.528878259195669,62.96296296296296,118.32000404596329,14.15809826774837,42.0,118.0,41,09:30,12:30,61.0,3,1.2,1.9,1,100.0,150000,6000.0,550
835.7054867707193,111,7.528878259195669,62.96296296296296,118.32000404596329,14.15809826774837,42.0,118.0,41,09:30,12:30,61.0,3,1.2,1.9,1,100.0,150000,6000.0,555
835.7054867707193,111,7.528878259195669,62.96296296296296,118.32000404596329,14.15809826774837,42.0,118.0,41,09:30,12:30,61.0,3,1.2,1.9,1,100.0,150000,6000.0,560
835.7054867707193,111,7.528878259195669,62.96296296296296,118.32000404596329,14.15809826774837,42.0,118.0,41,09:30,12:30,61.0,3,1.2,1.9,1,100.0,150000,6000.0,565
835.7054867707193,111,7.528878259195669,62.96296296296296,118.32000404596329,14.15809826774837,42.0,118.0,41,09:30,12:30,61.0,3,1.2,1.9,1,100.0,150000,6000.0,570
835.7054867707193,111,7.528878259195669,62.96296296296296,118.32000404596329,14.15809826774837,42.0,118.0,41,09:30,12:30,61.0,3,1.2,1.9,1,100.0,150000,6000.0,575
835.7054867707193,111,7.528878259195669,62.96296296296296,118.32000404596329,14.15809826774837,42.0,118.0,41,09:30,12:30,61.0,3,1.2,1.9,1,100.0,150000,6000.0,580
835.7054867707193,111,7.528878259195669,62.96296296296296,118.32000404596329,14.15809826774837,42.0,118.0,41,09:30,12:30,61.0,3,1.2,1.9,1,100.0,150000,6000.0,585
835.7054867707193,111,7.528878259195669,62.96296296296296,118.32000404596329,14.15809826774837,42.0,118.0,41,09:30,12:30,61.0,3,1.2,1.9,1,100.0,150000,6000.0,590
835.7054867707193,111,7.528878259195669,62.96296296296296,118.32000404596329,14.15809826774837,42.0,118.0,41,09:30,12:30,61.0,3,1.2,1.9,1,100.0,150000,6000.0,595
835.7054867707193,111,7.528878259195669,62.96296296296296,118.32000404596329,14.15809826774837,42.0,118.0,41,09:30,12:30,61.0,3,1.2,1.9,1,100.0,150000,6000.0,600
850.089687820524,111,7.6584656560407565,62.96296296296296,118.32000404596329,13.91853186095156,42.0,118.0,41,09:30,12:30,61.0,3,1.2,1.9,1,100.0,150000,6000.0,290
852.9746990166605,111,7.684456747897842,62.96296296296296,118.32000404596329,13.87145529432078,42.0,118.0,41,09:30,12:30,61.0,3,1.2,1.9,1,100.0,150000,6000.0,289
853.2778861485422,111,7.68718816350038,62.96296296296296,118.32000404596329,13.866526481780362,42.0,118.0,41,09:30,12:30,61.0,3,1.2,1.9,1,100.0,150000,6000.0,287
857.4791049137712,111,7.725036981205146,62.96296296296296,117.77660220861435,13.735215416177175,42.0,118.0,41,09:30,12:30,61.0,3,1.2,1.9,1,100.0,150000,6000.0,284
864.3830914869905,111,7.787235058441356,62.96296296296296,115.62769895792007,13.376904302814019,42.0,118.0,41,09:30,12:30,61.0,3,1.2,1.9,1,100.0,150000,6000.0,280
855.7518172338605,111,7.70947583093568,62.96296296296296,113.4986899793148,13.263038148862943,42.0,118.0,41,09:30,12:30,61.0,3,1.2,1.9,1,100.0,150000,6000.0,275
863.4343884661794,111,7.778688184379995,62.96296296296296,118.78930094838142,13.757768110139892,42.0,118.0,41,09:30,12:30,61.0,3,1.2,1.9,1,100.0,150000,6000.0,285
864.4434141889215,111,7.787778506206499,62.96296296296296,113.72099006175995,13.15540013321295,42.0,118.0,41,09:30,12:30,61.0,3,1.2,1.9,1,100.0,150000,6000.0,274
806.1142953708768,111,7.262290949287178,61.111111111111114,114.79869112372398,14.24099433330449,42.0,118.0,41,09:30,12:30,61.0,3,1.2,1.9,1,100.0,150000,6000.0,267
860.2546818628907,111,7.750042178944962,62.96296296296296,115.62769895792007,13.441100803720946,42.0,118.0,41,09:30,12:30,61.0,3,1.2,1.9,1,100.0,150000,6000.0,281
805.5218971148133,111,7.256954028061381,61.111111111111114,111.76059490442276,13.874308731360681,42.0,118.0,41,09:30,12:30,61.0,3,1.2,1.9,1,100.0,150000,6000.0,266
857.7423945441842,111,7.727408959857516,62.96296296296296,116.44280171394348,13.575498011360713,42.0,118.0,41,09:30,12:30,61.0,3,1.2,1.9,1,100.0,150000,6000.0,282
816.1767952814698,111,7.352944101634863,61.111111111111114,111.76059490442276,13.693184558852911,42.0,118.0,41,09:30,12:30,61.0,3,1.2,1.9,1,100.0,150000,6000.0,265
856.287631906569,111,7.71430299014927,62.96296296296296,117.77660220861435,13.754327146636303,42.0,118.0,41,09:30,12:30,61.0,3,1.2,1.9,1,100.0,150000,6000.0,283
818.5413914695382,111,7.37424676999584,61.111111111111114,111.83469247817993,13.662680182538068,42.0,118.0,41,09:30,12:30,61.0,3,1.2,1.9,1,100.0,150000,6000.0,264
822.0763281360269,111,7.406093046270512,61.111111111111114,109.71074360609055,13.3455665673829,42.0,118.0,41,09:30,12:30,61.0,3,1.2,1.9,1,100.0,150000,6000.0,263
827.0768463388085,111,7.451142759809086,62.96296296296296,109.71074360609055,13.264879084905251,42.0,118.0,41,09:30,12:30,61.0,3,1.2,1.9,1,100.0,150000,6000.0,262
851.1239920817316,111,7.667783712448032,62.96296296296296,118.29529994726181,13.898715233949389,42.0,118.0,41,09:30,12:30,61.0,3,1.2,1.9,1,100.0,150000,6000.0,286
828.9483133628964,111,7.468002823089157,62.96296296296296,110.1056926548481,13.282576353665382,42.0,118.0,41,09:30,12:30,61.0,3,1.2,1.9,1,100.0,150000,6000.0,261
819.884273596108,111,7.386344807172144,61.111111111111114,111.56540015339851,13.60745702122809,42.0,118.0,41,09:30,12:30,61.0,3,1.2,1.9,1,100.0,150000,6000.0,260
851.099679466337,111,7.66756467987691,62.96296296296296,118.32000404596329,13.90201487564338,42.0,118.0,41,09:30,12:30,61.0,3,1.2,1.9,1,100.0,150000,6000.0,288
825.4995560720563,111,7.436932937586093,61.111111111111114,112.32869347929955,13.607359647022582,42.0,118.0,41,09:30,12:30,61.0,3,1.2,1.9,1,100.0,150000,6000.0,259
824.1722781434655,111,7.42497547876996,61.111111111111114,112.40519964694977,13.638556237314154,42.0,118.0,41,09:30,12:30,61.0,3,1.2,1.9,1,100.0,150000,6000.0,258
827.2842742577195,111,7.453011479799275,61.111111111111114,113.24979943037033,13.68934512045254,42.0,118.0,41,09:30,12:30,61.0,3,1.2,1.9,1,100.0,150000,6000.0,257
850.4238731823862,111,7.661476334976452,62.96296296296296,118.32000404596329,13.913062388899775,42.0,118.0,41,09:30,12:30,61.0,3,1.2,1.9,1,100.0,150000,6000.0,291
824.0941486135125,111,7.424271609130743,61.111111111111114,110.93759751319885,13.461762554660108,42.0,118.0,41,09:30,12:30,61.0,3,1.2,1.9,1,100.0,150000,6000.0,256
847.9982869587839,111,7.639624206835891,62.96296296296296,118.32000404596329,13.952858851908756,42.0,118.0,41,09:30,12:30,61.0,3,1.2,1.9,1,100.0,150000,6000.0,292
826.8897986784577,111,7.449457645751871,61.111111111111114,109.56590002775192,13.250363011233308,42.0,118.0,41,09:30,12:30,61.0,3,1.2,1.9,1,100.0,150000,6000.0,255
842.7384977303445,111,7.592238718291393,62.96296296296296,118.32000404596329,14.039942919971216,42.0,118.0,41,09:30,12:30,61.0,3,1.2,1.9,1,100.0,150000,6000.0,293
818.0915818586946,111,7.37019443115941,61.111111111111114,110.56469368934631,13.514953110523962,42.0,118.0,41,09:30,12:30,61.0,3,1.2,1.9,1,100.0,150000,6000.0,254
841.9109878502786,111,7.584783674326834,62.96296296296296,118.32000404596329,14.053742705993136,42.0,118.0,41,09:30,12:30,61.0,3,1.2,1.9,1,100.0,150000,6000.0,294
815.058874733746,111,7.342872745349063,61.111111111111114,110.9351889193058,13.610696399759442,42.0,118.0,41,09:30,12:30,61.0,3,1.2,1.9,1,100.0,150000,6000.0,253
846.1343834362924,111,7.622832283209841,62.96296296296296,118.32000404596329,13.983594847599276,42.0,118.0,41,09:30,12:30,61.0,3,1.2,1.9,1,100.0,150000,6000.0,295
818.2003910318017,111,7.371174693980196,61.111111111111114,109.85749739408493,13.426722670658686,42.0,118.0,41,09:30,12:30,61.0,3,1.2,1.9,1,100.0,150000,6000.0,252
844.505376573652,111,7.608156545708577,62.96296296296296,118.32000404596329,14.010568473348755,42.0,118.0,41,09:30,12:30,61.0,3,1.2,1.9,1,100.0,150000,6000.0,296
812.7973661199212,111,7.322498793873164,59.25925925925925,112.37690323591232,13.825943331038316,42.0,118.0,41,09:30,12:30,61.0,3,1.2,1.9,1,100.0,150000,6000.0,251
844.6358778439462,111,7.609332232828344,62.96296296296296,118.32000404596329,14.00840375713047,42.0,118.0,41,09:30,12:30,61.0,3,1.2,1.9,1,100.0,150000,6000.0,297
819.6449713483453,111,7.3841889310661735,59.25925925925925,112.37690323591232,13.71043648947767,42.0,118.0,41,09:30,12:30,61.0,3,1.2,1.9,1,100.0,150000,6000.0,250
845.3120903931558,111,7.615424237776178,62.96296296296296,118.32000404596329,13.997197649324109,42.0,118.0,41,09:30,12:30,61.0,3,1.2,1.9,1,100.0,150000,6000.0,298
815.0132351592183,111,7.342461578010976,59.25925925925925,113.3107987344265,13.902939712664969,42.0,118.0,41,09:30,12:30,61.0,3,1.2,1.9,1,100.0,150000,6000.0,249
847.7367923222482,111,7.637268399299534,62.96296296296296,118.32000404596329,13.957162779480564,42.0,118.0,41,09:30,12:30,61.0,3,1.2,1.9,1,100.0,150000,6000.0,299
819.524275071919,111,7.383101577224495,59.25925925925925,112.86420068144798,13.771916722240274,42.0,118.0,41,09:30,12:30,61.0,3,1.2,1.9,1,100.0,150000,6000.0,248
846.0210840664804,111,7.62181156816649,62.96296296296296,118.32000404596329,13.985467534360607,42.0,118.0,41,09:30,12:30,61.0,3,1.2,1.9,1,100.0,150000,6000.0,300
829.6487782970071,111,7.474313317991055,61.111111111111114,110.66589659452438,13.338885018511645,42.0,118.0,41,09:30,12:30,61.0,3,1.2,1.9,1,100.0,150000,6000.0,247
842.8610961399972,111,7.593343208468443,62.96296296296296,118.32000404596329,14.037900739259012,42.0,118.0,41,09:30,12:30,61.0,3,1.2,1.9,1,100.0,150000,6000.0,301
831.5946733132005,111,7.491843903722526,62.96296296296296,116.0999002456665,13.96111639136729,42.0,118.0,41,09:30,12:30,61.0,3,1.2,1.9,1,100.0,150000,6000.0,246
842.0186932049692,111,7.58575399283756,62.96296296296296,118.32000404596329,14.051945045970745,42.0,118.0,41,09:30,12:30,61.0,3,1.2,1.9,1,100.0,150000,6000.0,302
834.9913034811616,111,7.52244417550596,62.96296296296296,116.07519614696503,13.901365878067953,42.0,118.0,41,09:30,12:30,61.0,3,1.2,1.9,1,100.0,150000,6000.0,245
843.0836889706552,111,7.595348549285182,62.96296296296296,118.32000404596329,14.034194421484248,42.0,118.0,41,09:30,12:30,61.0,3,1.2,1.9,1,100.0,150000,6000.0,303
842.6419861987233,111,7.591369245033543,62.96296296296296,112.02579912543297,13.294590224586022,42.0,118.0,41,09:30,12:30,61.0,3,1.2,1.9,1,100.0,150000,6000.0,244
842.386888500303,111,7.5890710675702975,62.96296296296296,118.32000404596329,14.045803141191785,42.0,118.0,41,09:30,12:30,61.0,3,1.2,1.9,1,100.0,150000,6000.0,304
837.9557879343629,111,7.549151242651918,62.96296296296296,111.70469737052917,13.330619464529436,42.0,118.0,41,09:30,12:30,61.0,3,1.2,1.9,1,100.0,150000,6000.0,243
841.5780878029764,111,7.581784574801589,62.96296296296296,118.32000404596329,14.05930189494946,42.0,118.0,41,09:30,12:30,61.0,3,1.2,1.9,1,100.0,150000,6000.0,305
825.7018674090505,111,7.438755562243698,61.111111111111114,118.62810215353966,14.366941245486082,42.0,118.0,41,09:30,12:30,61.0,3,1.2,1.9,1,100.0,150000,6000.0,242
840.2948851548135,111,7.570224190583906,62.96296296296296,118.32000404596329,14.080771659601895,42.0,118.0,41,09:30,12:30,61.0,3,1.2,1.9,1,100.0,150000,6000.0,306
820.9078637436032,111,7.395566340032461,59.25925925925925,118.62810215353966,14.450842462704335,42.0,118.0,41,09:30,12:30,61.0,3,1.2,1.9,1,100.0,150000,6000.0,241
842.9029858075082,111,7.593720592860435,62.96296296296296,118.32000404596329,14.03720309907453,42.0,118.0,41,09:30,12:30,61.0,3,1.2,1.9,1,100.0,150000,6000.0,307
818.8874784186482,111,7.377364670438272,61.111111111111114,118.62810215353966,14.486496042487074,42.0,118.0,41,09:30,12:30,61.0,3,1.2,1.9,1,100.0,150000,6000.0,240
843.4974882565439,111,7.599076470779675,62.96296296296296,118.32000404596329,14.027309588143916,42.0,118.0,41,09:30,12:30,61.0,3,1.2,1.9,1,100.0,150000,6000.0,308
822.9575000479817,111,7.4140315319638,61.111111111111114,118.62810215353966,14.414851574549495,42.0,118.0,41,09:30,12:30,61.0,3,1.2,1.9,1,100.0,150000,6000.0,239
847.4982850514352,111,7.635119685148065,62.96296296296296,118.32000404596329,13.961090675101765,42.0,118.0,41,09:30,12:30,61.0,3,1.2,1.9,1,100.0,150000,6000.0,309
828.2489878609776,111,7.461702593342141,61.111111111111114,115.24879422783852,13.914752196133456,42.0,118.0,41,09:30,12:30,61.0,3,1.2,1.9,1,100.0,150000,6000.0,238
847.7117912732065,111,7.637043164623481,62.96296296296296,118.32000404596329,13.957574409606188,42.0,118.0,41,09:30,12:30,61.0,3,1.2,1.9,1,100.0,150000,6000.0,310
826.628273434937,111,7.44710156247691,61.111111111111114,117.57059672474861,14.22291016446856,42.0,118.0,41,09:30,12:30,61.0,3,1.2,1.9,1,100.0,150000,6000.0,237
847.2712783776224,111,7.6330745799785795,62.96296296296296,118.32000404596329,13.96483122531022,42.0,118.0,41,09:30,12:30,61.0,3,1.2,1.9,1,100.0,150000,6000.0,311
824.9084695652127,111,7.431607833920835,61.111111111111114,118.97060015797615,14.42227890091641,42.0,118.0,41,09:30,12:30,61.0,3,1.2,1.9,1,100.0,150000,6000.0,236
848.0830826722085,111,7.640388132182059,62.96296296296296,118.32000404596329,13.951463773236824,42.0,118.0,41,09:30,12:30,61.0,3,1.2,1.9,1,100.0,150000,6000.0,312
824.0773652866483,111,7.4241204079878225,62.96296296296296,118.97060015797615,14.436824158687243,42.0,118.0,41,09:30,12:30,61.0,3,1.2,1.9,1,100.0,150000,6000.0,235
848.5204775296152,111,7.644328626392929,62.96296296296296,118.32000404596329,13.944272080556082,42.0,118.0,41,09:30,12:30,61.0,3,1.2,1.9,1,100.0,150000,6000.0,313
826.327986009419,111,7.444396270355126,61.111111111111114,118.97060015797615,14.397503433536144,42.0,118.0,41,09:30,12:30,61.0,3,1.2,1.9,1,100.0,150000,6000.0,234
850.8216819725931,111,7.665060197951289,62.96296296296296,118.32000404596329,13.906557220267764,42.0,118.0,41,09:30,12:30,61.0,3,1.2,1.9,1,100.0,150000,6000.0,314
821.8378806188703,111,7.403944870440273,61.111111111111114,119.1187953054905,14.49419625386338,42.0,118.0,41,09:30,12:30,61.0,3,1.2,1.9,1,100.0,150000,6000.0,233
850.9702830277383,111,7.666398946195841,62.96296296296296,118.32000404596329,13.90412878167527,42.0,118.0,41,09:30,12:30,61.0,3,1.2,1.9,1,100.0,150000,6000.0,315
823.7205723300576,111,7.420906057027546,61.111111111111114,119.0321027636528,14.450543881276001,42.0,118.0,41,09:30,12:30,61.0,3,1.2,1.9,1,100.0,150000,6000.0,232
848.889691349119,111,7.6476548770190895,62.96296296296296,118.32000404596329,13.93820719602806,42.0,118.0,41,09:30,12:30,61.0,3,1.2,1.9,1,100.0,150000,6000.0,316
824.4773750081658,111,7.427724099172665,61.111111111111114,119.0321027636528,14.437279465973688,42.0,118.0,41,09:30,12:30,61.0,3,1.2,1.9,1,100.0,150000,6000.0,231
849.9034852944314,111,7.656788155805689,62.96296296296296,118.32000404596329,13.921581225775745,42.0,118.0,41,09:30,12:30,61.0,3,1.2,1.9,1,100.0,150000,6000.0,317
834.6821787133813,111,7.5196592676881195,61.111111111111114,117.0687010884285,14.025542185276285,42.0,118.0,41,09:30,12:30,61.0,3,1.2,1.9,1,100.0,150000,6000.0,230
850.0830943547189,111,7.658406255447918,62.96296296296296,118.32000404596329,13.918639816708463,42.0,118.0,41,09:30,12:30,61.0,3,1.2,1.9,1,100.0,150000,6000.0,318
829.9079770818353,111,7.476648442178696,61.111111111111114,119.11870032548904,14.35324199971427,42.0,118.0,41,09:30,12:30,61.0,3,1.2,1.9,1,100.0,150000,6000.0,229
849.058284278959,111,7.649173732242875,62.96296296296296,118.32000404596329,13.935439561306856,42.0,118.0,41,09:30,12:30,61.0,3,1.2,1.9,1,100.0,150000,6000.0,319
833.7019796147943,111,7.510828645178327,61.111111111111114,119.11870032548904,14.287923411256257,42.0,118.0,41,09:30,12:30,61.0,3,1.2,1.9,1,100.0,150000,6000.0,228
848.1664872132242,111,7.641139524443461,62.96296296296296,118.32000404596329,13.950091854574575,42.0,118.0,41,09:30,12:30,61.0,3,1.2,1.9,1,100.0,150000,6000.0,320
832.4528799727559,111,7.4995754952500535,61.111111111111114,118.97049781680107,14.291559399817883,42.0,118.0,41,09:30,12:30,61.0,3,1.2,1.9,1,100.0,150000,6000.0,227
848.770085092634,111,7.646577343176882,62.96296296296296,118.32000404596329,13.94017132838158,42.0,118.0,41,09:30,12:30,61.0,3,1.2,1.9,1,100.0,150000,6000.0,321
826.5685359314084,111,7.446563386769445,61.111111111111114,117.68104043602943,14.237299790684874,42.0,118.0,41,09:30,12:30,61.0,3,1.2,1.9,1,100.0,150000,6000.0,226
848.0078847371042,111,7.639710673307245,62.96296296296296,118.32000404596329,13.952700933039598,42.0,118.0,41,09:30,12:30,61.0,3,1.2,1.9,1,100.0,150000,6000.0,322
824.2410763278604,111,7.425595282232976,61.111111111111114,119.18389755487442,14.459834747117887,42.0,118.0,41,09:30,12:30,61.0,3,1.2,1.9,1,100.0,150000,6000.0,225
849.8264856301248,111,7.65609446513626,62.96296296296296,118.32000404596329,13.922842609245345,42.0,118.0,41,09:30,12:30,61.0,3,1.2,1.9,1,100.0,150000,6000.0,323
819.4549665823579,111,7.3824771764176385,61.111111111111114,119.194100856781,14.545534009500887,42.0,118.0,41,09:30,12:30,61.0,3,1.2,1.9,1,100.0,150000,6000.0,224
849.7091863118112,111,7.655037714520821,62.96296296296296,118.32000404596329,13.924764607940146,42.0,118.0,41,09:30,12:30,61.0,3,1.2,1.9,1,100.0,150000,6000.0,324
818.0020834282041,111,7.3693881389928295,61.111111111111114,120.89770129323006,14.77963244134466,42.0,118.0,41,09:30,12:30,61.0,3,1.2,1.9,1,100.0,150000,6000.0,223
849.1685857735574,111,7.650167439401418,62.96296296296296,118.32000404596329,13.933629438043644,42.0,118.0,41,09:30,12:30,61.0,3,1.2,1.9,1,100.0,150000,6000.0,325
814.0643851831555,111,7.333913380028428,61.111111111111114,121.76219752430916,14.957317841255763,42.0,118.0,41,09:30,12:30,61.0,3,1.2,1.9,1,100.0,150000,6000.0,222
845.0266878567636,111,7.612853043754627,62.96296296296296,118.32000404596329,14.001925116241907,42.0,118.0,41,09:30,12:30,61.0,3,1.2,1.9,1,100.0,150000,6000.0,326
810.8485786989331,111,7.304942150440839,61.111111111111114,121.76219752430916,15.01663821371996,42.0,118.0,41,09:30,12:30,61.0,3,1.2,1.9,1,100.0,150000,6000.0,221
848.084291215986,111,7.640399019963838,62.96296296296296,118.32000404596329,13.951443892011687,42.0,118.0,41,09:30,12:30,61.0,3,1.2,1.9,1,100.0,150000,6000.0,327
807.2633752599359,111,7.272643020359783,61.111111111111114,121.53989744186401,15.055792343202565,42.0,118.0,41,09:30,12:30,61.0,3,1.2,1.9,1,100.0,150000,6000.0,220
846.2963821850717,111,7.624291731397042,62.96296296296296,118.32000404596329,13.980918096384887,42.0,118.0,41,09:30,12:30,61.0,3,1.2,1.9,1,100.0,150000,6000.0,328
814.8334836438298,111,7.340842194989458,61.111111111111114,122.1079960167408,14.98563798221566,42.0,118.0,41,09:30,12:30,61.0,3,1.2,1.9,1,100.0,150000,6000.0,219
845.847285028547,111,7.620245811067991,62.96296296296296,118.32000404596329,13.988341174609317,42.0,118.0,41,09:30,12:30,61.0,3,1.2,1.9,1,100.0,150000,6000.0,329
815.8205850496888,111,7.349735000447647,61.111111111111114,121.19409894943237,14.855484302599557,42.0,118.0,41,09:30,12:30,61.0,3,1.2,1.9,1,100.0,150000,6000.0,218
845.2502894364297,111,7.614867472400268,62.96296296296296,118.32000404596329,13.998221062408994,42.0,118.0,41,09:30,12:30,61.0,3,1.2,1.9,1,100.0,150000,6000.0,330
802.5996327474713,111,7.230627322049291,61.111111111111114,120.97204914689064,15.072527348757594,42.0,118.0,41,09:30,12:30,61.0,3,1.2,1.9,1,100.0,150000,6000.0,217
844.4275870285928,111,7.6074557389963315,62.96296296296296,118.32000404596329,14.011859141446653,42.0,118.0,41,09:30,12:30,61.0,3,1.2,1.9,1,100.0,150000,6000.0,331
803.7440393641591,111,7.240937291569001,61.111111111111114,121.23114773631096,15.083302867442322,42.0,118.0,41,09:30,12:30,61.0,3,1.2,1.9,1,100.0,150000,6000.0,216
844.1764898262918,111,7.605193602038665,62.96296296296296,118.32000404596329,14.016026917583346,42.0,118.0,41,09:30,12:30,61.0,3,1.2,1.9,1,100.0,150000,6000.0,332
806.8260623291135,111,7.2687032642262475,61.111111111111114,121.78690162301064,15.094567132777174,42.0,118.0,41,09:30,12:30,61.0,3,1.2,1.9,1,100.0,150000,6000.0,215
842.9614829979837,111,7.59424759457643,62.96296296296296,118.32000404596329,14.036228989391002,42.0,118.0,41,09:30,12:30,61.0,3,1.2,1.9,1,100.0,150000,6000.0,333
796.3276649788022,111,7.174123107917137,61.111111111111114,121.78690162301064,15.293566578055847,42.0,118.0,41,09:30,12:30,61.0,3,1.2,1.9,1,100.0,150000,6000.0,214
843.2714827023447,111,7.5970403847058074,62.96296296296296,118.32000404596329,14.031069053443554,42.0,118.0,41,09:30,12:30,61.0,3,1.2,1.9,1,100.0,150000,6000.0,334
800.3837734535336,111,7.21066462570751,61.111111111111114,121.78690162301064,15.216063301423363,42.0,118.0,41,09:30,12:30,61.0,3,1.2,1.9,1,100.0,150000,6000.0,213
842.7673702202737,111,7.592498830813277,62.96296296296296,118.32000404596329,14.039461923524405,42.0,118.0,41,09:30,12:30,61.0,3,1.2,1.9,1,100.0,150000,6000.0,335
792.2155840173364,111,7.137077333489517,61.111111111111114,126.2549940943718,15.936949063048084,42.0,118.0,41,09:30,12:30,61.0,3,1.2,1.9,1,100.0,150000,6000.0,212
843.6284854374826,111,7.600256625562906,62.96296296296296,118.32000404596329,14.02513145162539,42.0,118.0,41,09:30,12:30,61.0,3,1.2,1.9,1,100.0,150000,6000.0,336
799.0879769101739,111,7.19899078297454,61.111111111111114,126.2549940943718,15.799886588528189,42.0,118.0,41,09:30,12:30,61.0,3,1.2,1.9,1,100.0,150000,6000.0,211
841.8341810666025,111,7.584091721320743,62.96296296296296,118.32000404596329,14.05502493330124,42.0,118.0,41,09:30,12:30,61.0,3,1.2,1.9,1,100.0,150000,6000.0,337
799.7353016212583,111,7.204822537128453,61.111111111111114,126.03269401192665,15.75930107829774,42.0,118.0,41,09:30,12:30,61.0,3,1.2,1.9,1,100.0,150000,6000.0,210
839.5514862500131,111,7.563526903153272,62.96296296296296,118.32000404596329,14.093239781452585,42.0,118.0,41,09:30,12:30,61.0,3,1.2,1.9,1,100.0,150000,6000.0,338
799.2085376158357,111,7.200076915457979,61.111111111111114,124.92119359970093,15.630613002754004,42.0,118.0,41,09:30,12:30,61.0,3,1.2,1.9,1,100.0,150000,6000.0,209
838.3814873658121,111,7.552986372664973,62.96296296296296,118.32000404596329,14.112907528257072,42.0,118.0,41,09:30,12:30,61.0,3,1.2,1.9,1,100.0,150000,6000.0,339
798.350590236485,111,7.192347659788153,61.111111111111114,124.79769518971443,15.631941244353214,42.0,118.0,41,09:30,12:30,61.0,3,1.2,1.9,1,100.0,150000,6000.0,208
838.3514895401895,111,7.552716121983689,62.96296296296296,118.32000404596329,14.113412515180027,42.0,118.0,41,09:30,12:30,61.0,3,1.2,1.9,1,100.0,150000,6000.0,340
799.9103830233216,111,7.206399847056952,61.111111111111114,126.32909166812897,15.792905599082067,42.0,118.0,41,09:30,12:30,61.0,3,1.2,1.9,1,100.0,150000,6000.0,207
837.7814879380167,111,7.547580972414565,62.96296296296296,118.32000404596329,14.123014861211306,42.0,118.0,41,09:30,12:30,61.0,3,1.2,1.9,1,100.0,150000,6000.0,341
796.0820805504918,111,7.171910635590017,61.111111111111114,127.53939375281334,16.020884889736458,42.0,118.0,41,09:30,12:30,61.0,3,1.2,1.9,1,100.0,150000,6000.0,206
838.3214845620096,111,7.552445806864951,62.96296296296296,118.32000404596329,14.113917658663,42.0,118.0,41,09:30,12:30,61.0,3,1.2,1.9,1,100.0,150000,6000.0,342
786.9305588677526,111,7.089464494304077,61.111111111111114,128.08279559016228,16.276251334609462,42.0,118.0,41,09:30,12:30,61.0,3,1.2,1.9,1,100.0,150000,6000.0,205
837.6344885788858,111,7.546256653863836,62.96296296296296,118.32000404596329,14.125493357693841,42.0,118.0,41,09:30,12:30,61.0,3,1.2,1.9,1,100.0,150000,6000.0,343
789.4188923612237,111,7.1118819131641775,61.111111111111114,129.98469465970993,16.465870771209172,42.0,118.0,41,09:30,12:30,61.0,3,1.2,1.9,1,100.0,150000,6000.0,204
835.7054867707193,111,7.528878259195669,62.96296296296296,118.32000404596329,14.15809826774837,42.0,118.0,41,09:30,12:30,61.0,3,1.2,1.9,1,100.0,150000,6000.0,344
785.2009779587388,111,7.073882684312962,61.111111111111114,129.98469465970993,16.55432154422768,42.0,118.0,41,09:30,12:30,61.0,3,1.2,1.9,1,100.0,150000,6000.0,203
835.7054867707193,111,7.528878259195669,62.96296296296296,118.32000404596329,14.15809826774837,42.0,118.0,41,09:30,12:30,61.0,3,1.2,1.9,1,100.0,150000,6000.0,345
783.615681566298,111,7.0596007348315135,61.111111111111114,128.08469885587692,16.345346560683943,42.0,118.0,41,09:30,12:30,61.0,3,1.2,1.9,1,100.0,150000,6000.0,202
835.7054867707193,111,7.528878259195669,62.96296296296296,118.32000404596329,14.15809826774837,42.0,118.0,41,09:30,12:30,61.0,3,1.2,1.9,1,100.0,150000,6000.0,346
784.9029367342591,111,7.071197628236569,61.111111111111114,128.01035100221634,16.30906765807607,42.0,118.0,41,09:30,12:30,61.0,3,1.2,1.9,1,100.0,150000,6000.0,201
835.7054867707193,111,7.528878259195669,62.96296296296296,118.32000404596329,14.15809826774837,42.0,118.0,41,09:30,12:30,61.0,3,1.2,1.9,1,100.0,150000,6000.0,347
782.5948218181729,111,7.05040380016372,61.111111111111114,130.13520112633705,16.628681598480153,42.0,118.0,41,09:30,12:30,61.0,3,1.2,1.9,1,100.0,150000,6000.0,200
835.7054867707193,111,7.528878259195669,62.96296296296296,118.32000404596329,14.15809826774837,42.0,118.0,41,09:30,12:30,61.0,3,1.2,1.9,1,100.0,150000,6000.0,348
787.1784856691957,111,7.091698069091852,61.111111111111114,130.18460196256638,16.53813008518569,42.0,118.0,41,09:30,12:30,61.0,3,1.2,1.9,1,100.0,150000,6000.0,199
835.7054867707193,111,7.528878259195669,62.96296296296296,118.32000404596329,14.15809826774837,42.0,118.0,41,09:30,12:30,61.0,3,1.2,1.9,1,100.0,150000,6000.0,349
790.1242565885186,111,7.11823654584251,61.111111111111114,130.80210137367249,16.554624197772437,42.0,118.0,41,09:30,12:30,61.0,3,1.2,1.9,1,100.0,150000,6000.0,198
835.7054867707193,111,7.528878259195669,62.96296296296296,118.32000404596329,14.15809826774837,42.0,118.0,41,09:30,12:30,61.0,3,1.2,1.9,1,100.0,150000,6000.0,350
791.2615695372224,111,7.128482608443445,61.111111111111114,129.81409937143326,16.405965406276003,42.0,118.0,41,09:30,12:30,61.0,3,1.2,1.9,1,100.0,150000,6000.0,197
835.7054867707193,111,7.528878259195669,62.96296296296296,118.32000404596329,14.15809826774837,42.0,118.0,41,09:30,12:30,61.0,3,1.2,1.9,1,100.0,150000,6000.0,351
786.01416990906,111,7.081208737919459,61.111111111111114,130.08580029010773,16.55005790864538,42.0,118.0,41,09:30,12:30,61.0,3,1.2,1.9,1,100.0,150000,6000.0,196
835.7054867707193,111,7.528878259195669,62.96296296296296,118.32000404596329,14.15809826774837,42.0,118.0,41,09:30,12:30,61.0,3,1.2,1.9,1,100.0,150000,6000.0,352
781.4955935254693,111,7.040500842571795,61.111111111111114,129.98699861764908,16.633107044308975,42.0,118.0,41,09:30,12:30,61.0,3,1.2,1.9,1,100.0,150000,6000.0,195
835.7054867707193,111,7.528878259195669,62.96296296296296,118.32000404596329,14.15809826774837,42.0,118.0,41,09:30,12:30,61.0,3,1.2,1.9,1,100.0,150000,6000.0,353
769.6570617631078,111,6.933847403271241,61.111111111111114,130.75270053744316,16.98843641321483,42.0,118.0,41,09:30,12:30,61.0,3,1.2,1.9,1,100.0,150000,6000.0,194
835.7054867707193,111,7.528878259195669,62.96296296296296,118.32000404596329,14.15809826774837,42.0,118.0,41,09:30,12:30,61.0,3,1.2,1.9,1,100.0,150000,6000.0,354
779.6721927002072,111,7.024073808109975,61.111111111111114,130.75270053744316,16.770214682738988,42.0,118.0,41,09:30,12:30,61.0,3,1.2,1.9,1,100.0,150000,6000.0,193
835.7054867707193,111,7.528878259195669,62.96296296296296,118.32000404596329,14.15809826774837,42.0,118.0,41,09:30,12:30,61.0,3,1.2,1.9,1,100.0,150000,6000.0,355
786.6935735419393,111,7.0873294913688225,61.111111111111114,128.01100197434425,16.27202843389185,42.0,118.0,41,09:30,12:30,61.0,3,1.2,1.9,1,100.0,150000,6000.0,192
835.7054867707193,111,7.528878259195669,62.96296296296296,118.32000404596329,14.15809826774837,42.0,118.0,41,09:30,12:30,61.0,3,1.2,1.9,1,100.0,150000,6000.0,356
786.3446969464421,111,7.084186458976956,61.111111111111114,128.01100197434425,16.27924782496029,42.0,118.0,41,09:30,12:30,61.0,3,1.2,1.9,1,100.0,150000,6000.0,191
835.7054867707193,111,7.528878259195669,62.96296296296296,118.32000404596329,14.15809826774837,42.0,118.0,41,09:30,12:30,61.0,3,1.2,1.9,1,100.0,150000,6000.0,357
791.6393905356526,111,7.131886401222096,61.111111111111114,128.01100197434425,16.170367910536545,42.0,118.0,41,09:30,12:30,61.0,3,1.2,1.9,1,100.0,150000,6000.0,190
835.7054867707193,111,7.528878259195669,62.96296296296296,118.32000404596329,14.15809826774837,42.0,118.0,41,09:30,12:30,61.0,3,1.2,1.9,1,100.0,150000,6000.0,358
788.2787944748998,111,7.101610761035133,61.111111111111114,128.01100197434425,16.239305544127554,42.0,118.0,41,09:30,12:30,61.0,3,1.2,1.9,1,100.0,150000,6000.0,189
835.7054867707193,111,7.528878259195669,62.96296296296296,118.32000404596329,14.15809826774837,42.0,118.0,41,09:30,12:30,61.0,3,1.2,1.9,1,100.0,150000,6000.0,359
788.7970903590322,111,7.106280093324614,61.111111111111114,129.93759778141975,16.472879954751964,42.0,118.0,41,09:30,12:30,61.0,3,1.2,1.9,1,100.0,150000,6000.0,188
835.7054867707193,111,7.528878259195669,62.96296296296296,118.32000404596329,14.15809826774837,42.0,118.0,41,09:30,12:30,61.0,3,1.2,1.9,1,100.0,150000,6000.0,360
775.0363969281316,111,6.98230988223542,61.111111111111114,129.93759778141975,16.7653542848348,42.0,118.0,41,09:30,12:30,61.0,3,1.2,1.9,1,100.0,150000,6000.0,187
835.7054867707193,111,7.528878259195669,62.96296296296296,118.32000404596329,14.15809826774837,42.0,118.0,41,09:30,12:30,61.0,3,1.2,1.9,1,100.0,150000,6000.0,361
786.5507491901517,111,7.086042785496862,61.111111111111114,130.0386446416378,16.532772332303818,42.0,118.0,41,09:30,12:30,61.0,3,1.2,1.9,1,100.0,150000,6000.0,186
835.7054867707193,111,7.528878259195669,62.96296296296296,118.32000404596329,14.15809826774837,42.0,118.0,41,09:30,12:30,61.0,3,1.2,1.9,1,100.0,150000,6000.0,362
785.0410801246762,111,7.072442163285372,61.111111111111114,130.30939826369286,16.599054694436855,42.0,118.0,41,09:30,12:30,61.0,3,1.2,1.9,1,100.0,150000,6000.0,185
835.7054867707193,111,7.528878259195669,62.96296296296296,118.32000404596329,14.15809826774837,42.0,118.0,41,09:30,12:30,61.0,3,1.2,1.9,1,100.0,150000,6000.0,363
790.1602981165051,111,7.118561244292839,61.111111111111114,130.30939826369286,16.491514262904587,42.0,118.0,41,09:30,12:30,61.0,3,1.2,1.9,1,100.0,150000,6000.0,184
835.7054867707193,111,7.528878259195669,62.96296296296296,118.32000404596329,14.15809826774837,42.0,118.0,41,09:30,12:30,61.0,3,1.2,1.9,1,100.0,150000,6000.0,364
782.0197693482041,111,7.045223147281118,61.111111111111114,130.01300060749054,16.625283107082247,42.0,118.0,41,09:30,12:30,61.0,3,1.2,1.9,1,100.0,150000,6000.0,183
835.7054867707193,111,7.528878259195669,62.96296296296296,118.32000404596329,14.15809826774837,42.0,118.0,41,09:30,12:30,61.0,3,1.2,1.9,1,100.0,150000,6000.0,365
772.8357642069459,111,6.962484362224738,61.111111111111114,128.4074991941452,16.615108298709753,42.0,118.0,41,09:30,12:30,61.0,3,1.2,1.9,1,100.0,150000,6000.0,182
835.7054867707193,111,7.528878259195669,62.96296296296296,118.32000404596329,14.15809826774837,42.0,118.0,41,09:30,12:30,61.0,3,1.2,1.9,1,100.0,150000,6000.0,366
773.4459727481008,111,6.967981736469376,61.111111111111114,127.82949855923653,16.52726926808482,42.0,118.0,41,09:30,12:30,61.0,3,1.2,1.9,1,100.0,150000,6000.0,181
835.7054867707193,111,7.528878259195669,62.96296296296296,118.32000404596329,14.15809826774837,42.0,118.0,41,09:30,12:30,61.0,3,1.2,1.9,1,100.0,150000,6000.0,367
771.0921010151505,111,6.946775684821176,61.111111111111114,128.81049817800522,16.70494328867134,42.0,118.0,41,09:30,12:30,61.0,3,1.2,1.9,1,100.0,150000,6000.0,180
835.7054867707193,111,7.528878259195669,62.96296296296296,118.32000404596329,14.15809826774837,42.0,118.0,41,09:30,12:30,61.0,3,1.2,1.9,1,100.0,150000,6000.0,368
776.3952836468816,111,6.9945521049268615,61.111111111111114,128.90929248929024,16.603564602270364,42.0,118.0,41,09:30,12:30,61.0,3,1.2,1.9,1,100.0,150000,6000.0,179
835.7054867707193,111,7.528878259195669,62.96296296296296,118.32000404596329,14.15809826774837,42.0,118.0,41,09:30,12:30,61.0,3,1.2,1.9,1,100.0,150000,6000.0,369
761.6437742188573,111,6.861655623593309,61.111111111111114,128.90929248929024,16.92514228472487,42.0,118.0,41,09:30,12:30,61.0,3,1.2,1.9,1,100.0,150000,6000.0,178
835.7054867707193,111,7.528878259195669,62.96296296296296,118.32000404596329,14.15809826774837,42.0,118.0,41,09:30,12:30,61.0,3,1.2,1.9,1,100.0,150000,6000.0,370
757.6560787037015,111,6.825730438772085,61.111111111111114,129.0080941617489,17.02726313269644,42.0,118.0,41,09:30,12:30,61.0,3,1.2,1.9,1,100.0,150000,6000.0,177
835.7054867707193,111,7.528878259195669,62.96296296296296,118.32000404596329,14.15809826774837,42.0,118.0,41,09:30,12:30,61.0,3,1.2,1.9,1,100.0,150000,6000.0,371
747.9423011019826,111,6.73821892884669,61.111111111111114,126.4392948448658,16.90495305033238,42.0,118.0,41,09:30,12:30,61.0,3,1.2,1.9,1,100.0,150000,6000.0,176
835.7054867707193,111,7.528878259195669,62.96296296296296,118.32000404596329,14.15809826774837,42.0,118.0,41,09:30,12:30,61.0,3,1.2,1.9,1,100.0,150000,6000.0,372
745.6767002418637,111,6.717808110287061,61.111111111111114,126.34049317240715,16.943065692065744,42.0,118.0,41,09:30,12:30,61.0,3,1.2,1.9,1,100.0,150000,6000.0,175
835.7054867707193,111,7.528878259195669,62.96296296296296,118.32000404596329,14.15809826774837,42.0,118.0,41,09:30,12:30,61.0,3,1.2,1.9,1,100.0,150000,6000.0,373
739.8099036291242,111,6.664954086748867,61.111111111111114,126.57179352641106,17.10869142269053,42.0,118.0,41,09:30,12:30,61.0,3,1.2,1.9,1,100.0,150000,6000.0,174
835.7054867707193,111,7.528878259195669,62.96296296296296,118.32000404596329,14.15809826774837,42.0,118.0,41,09:30,12:30,61.0,3,1.2,1.9,1,100.0,150000,6000.0,374
735.1030617728829,111,6.6225501060620084,61.111111111111114,124.84279370307922,16.983032746726686,42.0,118.0,41,09:30,12:30,61.0,3,1.2,1.9,1,100.0,150000,6000.0,173
835.7054867707193,111,7.528878259195669,62.96296296296296,118.32000404596329,14.15809826774837,42.0,118.0,41,09:30,12:30,61.0,3,1.2,1.9,1,100.0,150000,6000.0,375
731.4968762174249,111,6.590061947904728,61.111111111111114,124.84279370307922,17.066756914758425,42.0,118.0,41,09:30,12:30,61.0,3,1.2,1.9,1,100.0,150000,6000.0,172
835.7054867707193,111,7.528878259195669,62.96296296296296,118.32000404596329,14.15809826774837,42.0,118.0,41,09:30,12:30,61.0,3,1.2,1.9,1,100.0,150000,6000.0,376
734.4083838239312,111,6.616291746161543,61.111111111111114,124.84279370307922,16.999097021883852,42.0,118.0,41,09:30,12:30,61.0,3,1.2,1.9,1,100.0,150000,6000.0,171
835.7054867707193,111,7.528878259195669,62.96296296296296,118.32000404596329,14.15809826774837,42.0,118.0,41,09:30,12:30,61.0,3,1.2,1.9,1,100.0,150000,6000.0,377
727.8275762572885,111,6.557005191507103,59.25925925925925,124.84279370307922,17.152797966938678,42.0,118.0,41,09:30,12:30,61.0,3,1.2,1.9,1,100.0,150000,6000.0,170
835.7054867707193,111,7.528878259195669,62.96296296296296,118.32000404596329,14.15809826774837,42.0,118.0,41,09:30,12:30,61.0,3,1.2,1.9,1,100.0,150000,6000.0,378
728.574684895575,111,6.563735899960135,59.25925925925925,124.57109278440475,17.097916708739234,42.0,118.0,41,09:30,12:30,61.0,3,1.2,1.9,1,100.0,150000,6000.0,169
835.7054867707193,111,7.528878259195669,62.96296296296296,118.32000404596329,14.15809826774837,42.0,118.0,41,09:30,12:30,61.0,3,1.2,1.9,1,100.0,150000,6000.0,379
739.2278824225068,111,6.659710652455017,59.25925925925925,123.87949579954147,16.757957694125228,42.0,118.0,41,09:30,12:30,61.0,3,1.2,1.9,1,100.0,150000,6000.0,168
835.7054867707193,111,7.528878259195669,62.96296296296296,118.32000404596329,14.15809826774837,42.0,118.0,41,09:30,12:30,61.0,3,1.2,1.9,1,100.0,150000,6000.0,380
740.1999825313687,111,6.668468311093412,59.25925925925925,124.44759437441826,16.81269890723678,42.0,118.0,41,09:30,12:30,61.0,3,1.2,1.9,1,100.0,150000,6000.0,167
835.7054867707193,111,7.528878259195669,62.96296296296296,118.32000404596329,14.15809826774837,42.0,118.0,41,09:30,12:30,61.0,3,1.2,1.9,1,100.0,150000,6000.0,381
744.9903737083077,111,6.711624988363133,59.25925925925925,124.29939186573029,16.684697715892668,42.0,118.0,41,09:30,12:30,61.0,3,1.2,1.9,1,100.0,150000,6000.0,166
835.7054867707193,111,7.528878259195669,62.96296296296296,118.32000404596329,14.15809826774837,42.0,118.0,41,09:30,12:30,61.0,3,1.2,1.9,1,100.0,150000,6000.0,382
745.0943809524179,111,6.712561990562323,59.25925925925925,124.29939186573029,16.68236870969882,42.0,118.0,41,09:30,12:30,61.0,3,1.2,1.9,1,100.0,150000,6000.0,165
835.7054867707193,111,7.528878259195669,62.96296296296296,118.32000404596329,14.15809826774837,42.0,118.0,41,09:30,12:30,61.0,3,1.2,1.9,1,100.0,150000,6000.0,383
729.7857725098729,111,6.5746465991880445,59.25925925925925,124.71929529309273,17.089850198662987,42.0,118.0,41,09:30,12:30,61.0,3,1.2,1.9,1,100.0,150000,6000.0,164
835.7054867707193,111,7.528878259195669,62.96296296296296,118.32000404596329,14.15809826774837,42.0,118.0,41,09:30,12:30,61.0,3,1.2,1.9,1,100.0,150000,6000.0,384
735.3973921015859,111,6.625201730644918,59.25925925925925,124.71929529309273,16.959442150953986,42.0,118.0,41,09:30,12:30,61.0,3,1.2,1.9,1,100.0,150000,6000.0,163
835.7054867707193,111,7.528878259195669,62.96296296296296,118.32000404596329,14.15809826774837,42.0,118.0,41,09:30,12:30,61.0,3,1.2,1.9,1,100.0,150000,6000.0,385
731.0957869961858,111,6.586448531497169,59.25925925925925,124.71929529309273,17.05922773888771,42.0,118.0,41,09:30,12:30,61.0,3,1.2,1.9,1,100.0,150000,6000.0,162
835.7054867707193,111,7.528878259195669,62.96296296296296,118.32000404596329,14.15809826774837,42.0,118.0,41,09:30,12:30,61.0,3,1.2,1.9,1,100.0,150000,6000.0,386
722.7088866904378,111,6.510890871085025,59.25925925925925,123.9322946369648,17.148300916085105,42.0,118.0,41,09:30,12:30,61.0,3,1.2,1.9,1,100.0,150000,6000.0,161
835.7054867707193,111,7.528878259195669,62.96296296296296,118.32000404596329,14.15809826774837,42.0,118.0,41,09:30,12:30,61.0,3,1.2,1.9,1,100.0,150000,6000.0,387
726.8985006287694,111,6.548635140799724,59.25925925925925,123.9322946369648,17.049463512411016,42.0,118.0,41,09:30,12:30,61.0,3,1.2,1.9,1,100.0,150000,6000.0,160
835.7054867707193,111,7.528878259195669,62.96296296296296,118.32000404596329,14.15809826774837,42.0,118.0,41,09:30,12:30,61.0,3,1.2,1.9,1,100.0,150000,6000.0,388
737.6929914429784,111,6.645882805792598,59.25925925925925,123.9322946369648,16.799982658713443,42.0,118.0,41,09:30,12:30,61.0,3,1.2,1.9,1,100.0,150000,6000.0,159
835.7054867707193,111,7.528878259195669,62.96296296296296,118.32000404596329,14.15809826774837,42.0,118.0,41,09:30,12:30,61.0,3,1.2,1.9,1,100.0,150000,6000.0,389
733.4172793105245,111,6.607362876671392,59.25925925925925,123.9322946369648,16.89792402402516,42.0,118.0,41,09:30,12:30,61.0,3,1.2,1.9,1,100.0,150000,6000.0,158
835.7054867707193,111,7.528878259195669,62.96296296296296,118.32000404596329,14.15809826774837,42.0,118.0,41,09:30,12:30,61.0,3,1.2,1.9,1,100.0,150000,6000.0,390
720.1730824187398,111,6.4880457875562145,59.25925925925925,123.9322946369648,17.208681865855297,42.0,118.0,41,09:30,12:30,61.0,3,1.2,1.9,1,100.0,150000,6000.0,157
835.7054867707193,111,7.528878259195669,62.96296296296296,118.32000404596329,14.15809826774837,42.0,118.0,41,09:30,12:30,61.0,3,1.2,1.9,1,100.0,150000,6000.0,391
710.6024934127927,111,6.401824264980115,59.25925925925925,124.17929145693779,17.47521189526722,42.0,118.0,41,09:30,12:30,61.0,3,1.2,1.9,1,100.0,150000,6000.0,156
835.7054867707193,111,7.528878259195669,62.96296296296296,118.32000404596329,14.15809826774837,42.0,118.0,41,09:30,12:30,61.0,3,1.2,1.9,1,100.0,150000,6000.0,392
717.3882872238755,111,6.4629575425574375,59.25925925925925,121.4869937300682,16.93462186289581,42.0,118.0,41,09:30,12:30,61.0,3,1.2,1.9,1,100.0,150000,6000.0,155
835.7054867707193,111,7.528878259195669,62.96296296296296,118.32000404596329,14.15809826774837,42.0,118.0,41,09:30,12:30,61.0,3,1.2,1.9,1,100.0,150000,6000.0,393
721.3538877144456,111,6.4986836731031135,59.25925925925925,121.4869937300682,16.84152477710911,42.0,118.0,41,09:30,12:30,61.0,3,1.2,1.9,1,100.0,150000,6000.0,154
835.7054867707193,111,7.528878259195669,62.96296296296296,118.32000404596329,14.15809826774837,42.0,118.0,41,09:30,12:30,61.0,3,1.2,1.9,1,100.0,150000,6000.0,394
723.5183749571443,111,6.5181835581724705,59.25925925925925,121.4869937300682,16.791141446444144,42.0,118.0,41,09:30,12:30,61.0,3,1.2,1.9,1,100.0,150000,6000.0,153
835.7054867707193,111,7.528878259195669,62.96296296296296,118.32000404596329,14.15809826774837,42.0,118.0,41,09:30,12:30,61.0,3,1.2,1.9,1,100.0,150000,6000.0,395
711.3536919429898,111,6.408591819306214,59.25925925925925,123.29009112715721,17.331756694817024,42.0,118.0,41,09:30,12:30,61.0,3,1.2,1.9,1,100.0,150000,6000.0,152
835.7054867707193,111,7.528878259195669,62.96296296296296,118.32000404596329,14.15809826774837,42.0,118.0,41,09:30,12:30,61.0,3,1.2,1.9,1,100.0,150000,6000.0,396
703.7672841027379,111,6.3402458027273685,59.25925925925925,123.90759053826332,17.606330009534084,42.0,118.0,41,09:30,12:30,61.0,3,1.2,1.9,1,100.0,150000,6000.0,151
835.7054867707193,111,7.528878259195669,62.96296296296296,118.32000404596329,14.15809826774837,42.0,118.0,41,09:30,12:30,61.0,3,1.2,1.9,1,100.0,150000,6000.0,397
695.1589804664254,111,6.262693517715545,59.25925925925925,125.83419370651245,18.10149868481631,42.0,118.0,41,09:30,12:30,61.0,3,1.2,1.9,1,100.0,150000,6000.0,150
835.7054867707193,111,7.528878259195669,62.96296296296296,118.32000404596329,14.15809826774837,42.0,118.0,41,09:30,12:30,61.0,3,1.2,1.9,1,100.0,150000,6000.0,398
702.1859845891595,111,6.325999861163599,59.25925925925925,126.52579069137573,18.01884307978668,42.0,118.0,41,09:30,12:30,61.0,3,1.2,1.9,1,100.0,150000,6000.0,149
835.7054867707193,111,7.528878259195669,62.96296296296296,118.32000404596329,14.15809826774837,42.0,118.0,41,09:30,12:30,61.0,3,1.2,1.9,1,100.0,150000,6000.0,399
698.3037812188268,111,6.291025056025466,59.25925925925925,126.03178969025612,18.04827541822542,42.0,118.0,41,09:30,12:30,61.0,3,1.2,1.9,1,100.0,150000,6000.0,148
