{
    "pnl": 835.7054867707193,
    "config": {
        "min_market_pnl": 42.0,
        "take_profit_market_pnl": 118.0,
        "trail_stop_market_pnl": 41,
        "trade_start_hour": "09:30",
        "trade_cutoff_hour": "12:30",
        "min_escape_time": 61.0,
        "max_trades_per_day": 3,
        "stop_echappee_threshold": 1.2,
        "start_echappee_threshold": 1.9,
        "top_n_threshold": 1,
        "trade_value_eur": 100.0,
        "trade_interval_minutes": 150000,
        "max_pnl_timeout_minutes": 6000.0
    }
}